transaction_id,transaction_date,envelope_id
1,2022-03-01,66
2,2023-03-21,52
3,2021-04-24,37
4,2022-06-05,36
5,2021-05-09,22
6,2022-01-24,86
7,2021-09-09,21
8,2021-05-17,2
9,2022-12-19,87
10,2022-01-05,18
11,2022-05-05,8
12,2021-04-24,72
13,2022-04-11,30
14,2023-02-08,11
15,2021-11-29,6
16,2021-12-28,96
17,2022-12-22,32
18,2021-08-25,65
19,2021-09-17,74
20,2021-10-26,100
21,2022-02-04,31
22,2022-08-10,17
23,2021-07-09,15
24,2023-04-08,47
25,2021-05-27,41
26,2022-05-01,77
27,2022-08-02,32
28,2022-09-12,70
29,2023-03-15,59
30,2022-12-11,7
31,2022-08-17,44
32,2022-07-29,94
33,2023-03-13,51
34,2022-06-17,42
35,2022-12-28,18
36,2021-07-15,47
37,2021-07-07,67
38,2021-06-04,7
39,2022-07-24,78
40,2022-06-29,6
41,2023-01-06,7
42,2022-08-23,32
43,2021-12-28,93
44,2021-10-30,59
45,2022-04-16,50
46,2022-10-06,31
47,2022-11-02,81
48,2021-11-24,56
49,2021-05-21,66
50,2022-10-22,71
51,2021-08-18,80
52,2022-10-16,62
53,2022-02-11,94
54,2022-02-19,2
55,2021-11-03,30
56,2022-07-01,79
57,2022-10-16,55
58,2021-05-03,40
59,2021-11-14,83
60,2022-01-05,27
61,2022-09-17,35
62,2021-08-09,24
63,2021-11-09,68
64,2022-06-11,5
65,2022-04-23,98
66,2023-03-19,1
67,2022-12-10,16
68,2022-07-12,20
69,2022-12-04,54
70,2023-03-05,49
71,2022-02-04,90
72,2021-06-02,85
73,2022-12-05,4
74,2021-09-19,20
75,2021-04-28,83
76,2021-12-09,23
77,2021-11-11,47
78,2023-01-01,19
79,2022-08-07,42
80,2021-06-17,97
81,2022-01-31,72
82,2022-05-29,84
83,2021-12-15,42
84,2022-10-30,18
85,2022-07-09,97
86,2021-11-07,60
87,2021-10-09,48
88,2021-10-05,64
89,2023-03-02,29
90,2022-06-02,23
91,2022-02-12,67
92,2022-05-18,68
93,2022-09-25,59
94,2021-06-06,43
95,2021-12-04,14
96,2023-04-14,30
97,2023-01-08,42
98,2022-04-21,11
99,2023-01-05,89
100,2022-12-13,76
101,2022-12-07,62
102,2022-10-10,5
103,2022-02-07,76
104,2022-07-02,78
105,2021-12-15,2
106,2022-01-05,22
107,2022-11-28,10
108,2023-02-16,97
109,2022-05-22,79
110,2022-06-19,67
111,2023-02-25,48
112,2021-07-22,59
113,2022-06-13,20
114,2022-01-14,64
115,2021-08-10,20
116,2023-02-12,92
117,2022-03-31,97
118,2022-12-09,74
119,2022-08-20,89
120,2022-01-03,80
121,2021-08-04,76
122,2022-09-10,39
123,2022-09-25,6
124,2023-01-07,80
125,2022-03-28,63
126,2021-10-17,23
127,2021-07-12,97
128,2021-07-09,26
129,2022-10-11,77
130,2022-04-06,70
131,2022-09-16,25
132,2022-06-04,15
133,2022-02-21,3
134,2023-01-06,5
135,2021-05-17,53
136,2021-12-23,15
137,2022-09-16,45
138,2022-02-22,32
139,2023-02-09,73
140,2021-08-02,93
141,2021-08-07,9
142,2021-04-25,9
143,2021-09-04,77
144,2022-11-17,6
145,2022-01-05,65
146,2022-12-07,20
147,2022-08-25,24
148,2023-04-14,34
149,2021-05-13,89
150,2021-09-05,72
151,2021-11-14,19
152,2021-11-06,25
153,2022-01-15,21
154,2022-09-01,33
155,2021-08-11,2
156,2021-10-29,4
157,2022-12-02,13
158,2021-05-13,31
159,2022-10-14,13
160,2021-08-15,12
161,2023-03-11,41
162,2023-02-07,68
163,2022-01-20,79
164,2023-01-19,4
165,2022-12-21,28
166,2021-10-21,41
167,2022-04-21,24
168,2021-11-14,76
169,2022-03-03,74
170,2022-10-25,34
171,2022-02-24,98
172,2021-05-24,57
173,2022-03-04,99
174,2021-12-29,42
175,2021-08-17,38
176,2022-09-16,100
177,2023-04-07,97
178,2021-10-29,91
179,2022-01-19,28
180,2022-08-10,42
181,2022-01-31,30
182,2022-10-06,84
183,2022-04-29,85
184,2022-05-15,45
185,2021-10-18,37
186,2023-02-04,71
187,2022-12-17,86
188,2021-06-13,96
189,2022-11-30,33
190,2022-11-21,1
191,2022-08-08,41
192,2021-08-25,62
193,2022-08-27,46
194,2022-11-06,39
195,2023-04-09,8
196,2022-12-14,10
197,2022-02-14,50
198,2022-06-25,12
199,2021-12-12,24
200,2021-11-06,21
