transaction_amount,transaction_id,wallet_id
$219.39,1,50
$56.06,2,36
$84.84,3,76
$166.46,3,62
$51.45,4,47
$150.30,4,28
$89.97,5,65
$109.41,5,55
$180.97,5,21
$71.50,6,18
$99.28,6,17
$233.07,6,1
$152.52,7,55
$121.59,8,48
$153.99,8,22
$211.43,8,2
$225.58,9,18
$184.60,9,17
$14.54,9,1
$194.64,10,46
$217.58,12,16
$27.94,12,7
$55.26,13,39
$121.75,14,65
$190.29,15,69
$90.97,15,53
$6.08,16,51
$34.42,16,31
$79.40,17,75
$131.58,17,27
$52.61,17,23
$119.49,18,42
$127.86,19,24
$157.33,20,11
$35.52,21,26
$208.98,22,63
$51.59,22,16
$92.95,22,7
$145.37,23,26
$14.46,24,67
$209.49,24,66
$142.40,25,74
$37.38,25,70
$211.93,26,50
$185.32,26,11
$163.03,27,27
$158.09,27,4
$81.10,28,27
$116.35,29,22
$25.21,30,29
$130.57,31,48
$3.84,32,59
$58.69,32,32
$212.17,33,57
$8.88,33,30
$223.87,34,64
$128.90,35,46
$3.80,36,67
$10.35,36,35
$65.79,36,8
$108.99,37,30
$103.78,37,24
$192.53,38,44
$72.73,38,29
$160.52,38,25
$237.12,38,60
$97.95,39,60
$86.29,39,51
$26.91,39,31
$94.24,39,6
$130.97,40,69
$63.55,41,29
$211.85,41,25
$178.58,42,27
$159.92,43,79
$162.47,44,22
$67.83,45,25
$229.53,46,26
$45.92,47,26
$210.69,48,48
$63.70,48,22
$186.32,48,2
$148.18,49,71
$64.00,49,56
$245.66,49,49
$55.29,49,42
$190.05,50,65
$150.05,50,55
$44.49,50,21
$217.30,51,29
$37.29,51,25
$101.79,52,81
$77.71,53,32
$117.43,54,48
$74.32,54,2
$38.17,54,22
$108.62,55,39
$105.92,55,34
$145.89,56,8
$21.50,56,66
$123.35,57,63
$98.82,57,16
$113.86,57,7
$211.35,58,65
$213.46,59,1
$205.24,60,72
$79.17,60,3
$0.37,60,9
$65.31,61,81
$9.39,62,26
$239.26,63,48
$225.75,63,2
$226.53,63,22
$218.70,64,10
$100.48,64,70
$93.13,64,74
$30.91,65,31
$47.73,65,60
$16.62,65,6
$41.04,66,75
$102.14,67,44
$111.34,68,26
$103.01,69,38
$98.85,69,54
$91.69,69,33
$207.98,69,5
$210.69,70,71
$74.76,70,49
$219.06,71,2
$16.35,71,22
$166.08,72,77
$248.82,73,37
$93.28,74,26
$185.82,75,18
$13.52,75,1
$86.17,75,17
$159.57,76,40
$175.10,76,61
$98.35,76,52
$235.42,77,77
$193.56,77,8
$92.04,77,66
$239.79,78,54
$126.12,78,33
$163.89,78,5
$196.54,79,47
$57.03,79,64
$97.45,79,28
$227.11,80,67
$184.74,80,77
$70.36,81,63
$3.13,81,16
$196.87,81,7
$210.58,82,79
$98.58,83,47
$186.82,83,64
$217.62,84,46
$19.79,85,35
$86.23,85,77
$182.96,85,8
$109.82,86,62
$137.14,87,39
$123.11,87,34
$8.99,88,73
$67.11,88,69
$124.16,88,43
$30.93,88,53
$26.21,89,65
$235.84,89,55
$214.36,89,21
$94.17,90,40
$123.24,90,61
$48.13,90,52
$9.82,91,57
$69.02,91,24
$62.32,92,2
$140.92,93,48
$222.97,93,22
$3.47,94,48
$33.48,94,2
$62.46,94,22
$26.29,95,48
$82.35,95,2
$137.96,96,39
$47.75,96,34
$157.64,97,64
$72.31,97,28
$64.90,98,65
$166.39,98,55
$98.26,98,21
$85.11,99,26
$172.86,100,25
$181.52,101,81
$115.62,102,70
$3.40,102,74
$28.56,103,25
$51.83,104,31
$238.66,104,6
$6.90,105,2
$52.78,106,65
$104.57,106,55
$67.60,107,49
$179.03,107,56
$72.43,108,8
$30.62,109,35
$86.31,109,77
$15.07,110,57
$240.42,110,24
$155.57,110,58
$213.02,111,39
$4.74,111,34
$36.84,112,48
$64.41,112,2
$71.11,112,22
$32.88,113,26
$16.39,114,73
$160.34,114,69
$235.35,114,43
$145.94,114,53
$96.34,115,26
$198.78,116,10
$127.49,116,70
$150.31,116,74
$248.94,117,35
$121.95,117,8
$38.53,118,30
$148.10,118,57
$106.48,118,58
$28.22,119,26
$85.74,120,44
$91.45,120,29
$112.70,120,25
$20.14,121,25
$193.39,122,39
$76.55,122,34
$103.39,123,43
$153.34,123,53
$93.27,124,44
$35.61,124,29
$122.74,124,25
$31.10,125,10
$4.98,125,70
$109.18,125,74
$194.72,126,40
$95.93,126,61
$234.96,126,52
$66.39,127,77
$85.66,128,48
$118.43,128,22
$116.18,129,11
$42.80,129,72
$68.60,130,75
$56.15,130,27
$24.80,131,61
$246.85,131,52
$128.33,132,26
$43.45,133,68
$215.50,133,59
$156.78,134,10
$56.45,134,74
$147.07,135,68
$30.95,136,26
$52.68,137,29
$249.09,138,23
$82.34,138,27
$84.59,139,32
$242.26,139,59
$13.19,140,79
$125.15,140,13
$229.51,141,6
$115.13,142,31
$171.80,142,60
$207.71,142,6
$227.65,143,3
$230.98,143,9
$67.75,143,50
$77.66,144,43
$89.10,145,15
$54.20,146,26
$239.96,147,26
$180.88,148,46
$153.65,149,26
$19.37,150,63
$88.21,150,7
$111.81,151,33
$152.21,152,61
$76.43,152,52
$161.36,153,55
$138.64,153,21
$153.74,154,26
$115.75,155,48
$5.14,155,2
$110.73,156,14
$152.82,156,19
$241.53,156,45
$221.66,156,37
$244.80,157,46
$145.50,158,26
$182.56,159,46
$88.38,160,78
$133.65,160,42
$9.06,160,71
$34.36,160,49
$89.69,161,70
$246.10,162,48
$161.92,162,2
$51.16,163,77
$107.55,163,66
$192.59,164,14
$21.79,164,45
$9.97,165,51
$26.67,165,31
$63.85,165,60
$163.65,165,6
$177.29,166,10
$20.11,166,70
$81.24,166,74
$84.61,167,26
$13.09,168,29
$15.21,169,57
$77.94,169,24
$52.82,169,58
$227.29,170,46
$14.73,171,51
$223.82,171,31
$142.81,171,60
$230.34,171,6
$96.36,172,18
$105.53,172,1
$113.78,172,17
$10.09,173,81
$110.98,174,47
$74.77,175,30
$209.94,175,24
$53.90,176,3
$240.74,176,9
$95.69,176,50
$107.93,177,8
$225.88,177,66
$16.29,178,13
$85.21,179,6
$115.83,180,64
$83.48,180,28
$215.89,181,39
$1.14,181,34
$56.90,182,79
$100.81,182,13
$79.07,183,67
$17.77,183,77
$9.36,184,44
$226.91,184,29
$113.01,184,25
$19.84,185,41
$111.70,186,65
$224.17,186,55
$164.41,186,21
$152.88,187,1
$26.52,188,31
$163.62,188,60
$96.62,188,6
$163.51,189,26
$90.24,190,4
$108.69,190,23
$9.12,190,75
$188.99,190,27
$89.86,191,10
$202.15,191,70
$104.96,192,81
$157.62,193,47
$239.40,193,64
$200.48,193,28
$65.40,194,39
$94.41,194,34
$201.66,195,81
$39.30,196,42
$230.02,196,71
$106.63,196,49
$224.07,196,15
$225.61,197,25
$192.69,198,78
$152.76,198,42
$11.91,198,71
$232.20,199,26
$181.10,200,65
$121.06,200,55
$13.31,200,21
